Workbook
Name Datenschnitt_Judet_An: #N/A

Sheet in
A1: Judet/An | B1: 2008 | C1: 2009 | D1: 2010 | E1: 2011 | F1: 2012 | G1: 2013 | H1: 2014 | I1: 2015 | J1: 2016 | K1: 2017 | L1: 2018 | M1: 2019 | N1: 2020 | O1: 2021 | P1: 2022 | Q1: 2023 | R1: 2024 | S1: Populatie | T1: Densitate | U1: Crestere Procentuala
A2: Alba | B2: 0.7 | C2: 0.6 | D2: 0.5 | E2: 0.5 | F2: 0.5 | G2: 0.5 | H2: 0.5 | I2: 0.5 | J2: 0.6 | K2: 0.6 | L2: 0.6 | M2: 0.6 | N2: 0.7 | O2: 0.8 | P2: 1.2 | Q2: 1.2 | R2: 1.3 | S2: =VLOOKUP(A2, Populatie!A:B, 2, 0) -> 325.9 | T2: =(R2/S2)*1000 -> 3.9889537 | U2: =(R2-B2)/B2 -> 0.85714286
A3: Arad | B3: 1.5 | C3: 1.4 | D3: 1.2 | E3: 1.3 | F3: 1.6 | G3: 1.4 | H3: 1.3 | I3: 1.7 | J3: 1.6 | K3: 1.5 | L3: 1.5 | M3: 1.5 | N3: 1.5 | O3: 1.8 | P3: 1.8 | Q3: 2.1 | R3: 2.2 | S3: =VLOOKUP(A3, Populatie!A:B, 2, 0) -> 410.1 | T3: =(R3/S3)*1000 -> 5.3645452 | U3: =(R3-B3)/B3 -> 0.46666667
A4: Arges | B4: 1.1 | C4: 0.8 | D4: 0.8 | E4: 0.9 | F4: 1.1 | G4: 1.1 | H4: 1.5 | I4: 1.8 | J4: 2.2 | K4: 2.7 | L4: 3 | M4: 3 | N4: 2.8 | O4: 3.3 | P4: 3.6 | Q4: 3.5 | R4: 3.5 | S4: =VLOOKUP(A4, Populatie!A:B, 2, 0) -> 569.9 | T4: =(R4/S4)*1000 -> 6.1414283 | U4: =(R4-B4)/B4 -> 2.1818182
A5: Bacau | B5: 1.5 | C5: 1.2 | D5: 1.4 | E5: 1.3 | F5: 1.5 | G5: 1.6 | H5: 1.4 | I5: 1.5 | J5: 1.2 | K5: 1.3 | L5: 1.7 | M5: 1.8 | N5: 1.9 | O5: 2 | P5: 2.2 | Q5: 2.2 | R5: 2.2 | S5: =VLOOKUP(A5, Populatie!A:B, 2, 0) -> 601.3 | T5: =(R5/S5)*1000 -> 3.6587394 | U5: =(R5-B5)/B5 -> 0.46666667
A6: Bihor | B6: 2.1 | C6: 1.6 | D6: 1.6 | E6: 1.4 | F6: 1.8 | G6: 1.9 | H6: 1.7 | I6: 2 | J6: 2.2 | K6: 2.4 | L6: 2.3 | M6: 2.5 | N6: 2.5 | O6: 3.4 | P6: 3.6 | Q6: 3.6 | R6: 3.6 | S6: =VLOOKUP(A6, Populatie!A:B, 2, 0) -> 551.2 | T6: =(R6/S6)*1000 -> 6.5312046 | U6: =(R6-B6)/B6 -> 0.71428571
A7: Bistrita-Nasaud | B7: 0.3 | C7: 0.3 | D7: 0.3 | E7: 0.4 | F7: 0.4 | G7: 0.4 | H7: 0.4 | I7: 0.4 | J7: 0.4 | K7: 0.4 | L7: 0.5 | M7: 0.3 | N7: 0.3 | O7: 0.5 | P7: 0.4 | Q7: 0.5 | R7: 0.5 | S7: =VLOOKUP(A7, Populatie!A:B, 2, 0) -> 295.9 | T7: =(R7/S7)*1000 -> 1.6897601 | U7: =(R7-B7)/B7 -> 0.66666667
A8: Botosani | B8: 0.6 | C8: 0.5 | D8: 0.4 | E8: 0.5 | F8: 0.5 | G8: 0.5 | H8: 0.5 | I8: 0.5 | J8: 0.6 | K8: 0.5 | L8: 0.5 | M8: 0.6 | N8: 0.5 | O8: 0.7 | P8: 0.6 | Q8: 0.9 | R8: 0.9 | S8: =VLOOKUP(A8, Populatie!A:B, 2, 0) -> 392.8 | T8: =(R8/S8)*1000 -> 2.2912424 | U8: =(R8-B8)/B8 -> 0.5
A9: Braila | B9: 0.7 | C9: 0.5 | D9: 0.4 | E9: 0.3 | F9: 0.5 | G9: 0.6 | H9: 0.6 | I9: 0.5 | J9: 0.6 | K9: 0.8 | L9: 0.8 | M9: 0.8 | N9: 0.7 | O9: 0.7 | P9: 0.8 | Q9: 0.9 | R9: 0.7 | S9: =VLOOKUP(A9, Populatie!A:B, 2, 0) -> 281.4 | T9: =(R9/S9)*1000 -> 2.4875622 | U9: =(R9-B9)/B9 -> 0
A10: Brasov | B10: 3.2 | C10: 3.4 | D10: 4 | E10: 4.2 | F10: 5.1 | G10: 5.1 | H10: 5.2 | I10: 6.9 | J10: 7.6 | K10: 7.1 | L10: 7.2 | M10: 7.4 | N10: 7.7 | O10: 8.2 | P10: 8.7 | Q10: 9.2 | R10: 9.2 | S10: =VLOOKUP(A10, Populatie!A:B, 2, 0) -> 546.6 | T10: =(R10/S10)*1000 -> 16.831321 | U10: =(R10-B10)/B10 -> 1.875
A11: Buzau | B11: 0.7 | C11: 0.6 | D11: 0.5 | E11: 0.5 | F11: 0.5 | G11: 0.6 | H11: 0.6 | I11: 0.8 | J11: 0.7 | K11: 0.7 | L11: 0.7 | M11: 0.7 | N11: 0.6 | O11: 0.8 | P11: 0.8 | Q11: 0.8 | R11: 1 | S11: =VLOOKUP(A11, Populatie!A:B, 2, 0) -> 404.9 | T11: =(R11/S11)*1000 -> 2.4697456 | U11: =(R11-B11)/B11 -> 0.42857143
A12: Calarasi | B12: 0.3 | C12: 0.3 | D12: 0.3 | E12: 0.3 | F12: 0.3 | G12: 0.4 | H12: 0.3 | I12: 0.3 | J12: 0.5 | K12: 0.5 | L12: 0.5 | M12: 0.5 | N12: 0.4 | O12: 0.5 | P12: 0.4 | Q12: 0.4 | R12: 0.5 | S12: =VLOOKUP(A12, Populatie!A:B, 2, 0) -> 283.4 | T12: =(R12/S12)*1000 -> 1.7642908 | U12: =(R12-B12)/B12 -> 0.66666667
A13: Caras-Severin | B13: 0.5 | C13: 0.4 | D13: 0.4 | E13: 0.3 | F13: 0.4 | G13: 0.5 | H13: 0.5 | I13: 0.5 | J13: 0.5 | K13: 0.5 | L13: 0.5 | M13: 0.4 | N13: 0.4 | O13: 0.6 | P13: 0.6 | Q13: 0.6 | R13: 0.6 | S13: =VLOOKUP(A13, Populatie!A:B, 2, 0) -> 246.5 | T13: =(R13/S13)*1000 -> 2.4340771 | U13: =(R13-B13)/B13 -> 0.2
... A43: Vrancea | B43: 0.5 | C43: 0.5 | D43: 1 | E43: 0.8 | F43: 1.5 | G43: 1.2 | H43: 0.9 | I43: 1.6 | J43: 1.8 | K43: 1.3 | L43: 0.8 | M43: 0.8 | N43: 1 | O43: 1.1 | P43: 1.1 | Q43: 1.1 | R43: 1.1 | S43: =VLOOKUP(A43, Populatie!A:B, 2, 0) -> 335.3 | T43: =(R43/S43)*1000 -> 3.2806442 | U43: =(R43-B43)/B43 -> 1.2

Sheet Populatie
A1: Judet | B1: Populatie_Rezidenta (Mii)
A2: Alba | B2: 325.9
A3: Arad | B3: 410.1
A4: Arges | B4: 569.9
A5: Bacau | B5: 601.3
A6: Bihor | B6: 551.2
A7: Bistrita-Nasaud | B7: 295.9
A8: Botosani | B8: 392.8
A9: Brasov | B9: 546.6
A10: Braila | B10: 281.4
A11: Municipiul Bucuresti | B11: 1716.9
A12: Buzau | B12: 404.9
A13: Caras-Severin | B13: 246.5
... A43: Vrancea | B43: 335.3

Sheet Dashboard
O3: Dashboard Analiză Demografică Capital Uman IT
